Algoritmo,TamanhoDados,TipoDados,Threads,Amostra1(ns),Amostra2(ns),Amostra3(ns),Amostra4(ns),Amostra5(ns),Media(ns),DesvioPadrao(ns)
BubbleSort,1000,Aleatório,1,8922959,4276083,2297459,1811792,1625417,3786742,00,2735320,71
SelectionSort,1000,Aleatório,1,5616958,11938875,1039959,1360291,1354625,4262141,60,4195822,05
QuickSort,1000,Aleatório,1,3215209,982667,583292,370291,437625,1117816,80,1069999,25
MergeSort,1000,Aleatório,1,1572958,215875,499333,1070750,535417,778866,60,483765,10
ParallelMergeSort,1000,Aleatório,1,6578875,530875,477375,437500,439958,1692916,60,2443212,95
ParallelQuickSort,1000,Aleatório,1,1302292,800875,648667,530958,530417,762641,80,287499,60
ParallelBubbleSort,1000,Aleatório,1,25173584,6587583,5151875,6360333,9943792,10643433,40,7437296,01
ParallelSelectionSort,1000,Aleatório,1,5285334,847292,819041,867792,979000,1759691,80,1763656,16
ParallelMergeSort,1000,Aleatório,2,599125,909167,1419416,404333,328917,732191,60,397850,74
ParallelQuickSort,1000,Aleatório,2,788542,1067209,1155667,1152792,1017458,1036333,60,134546,11
ParallelBubbleSort,1000,Aleatório,2,41834500,18580584,18704917,11592459,13349125,20812317,00,10881718,26
ParallelSelectionSort,1000,Aleatório,2,887708,1246417,817792,706791,1243458,980433,20,223544,00
ParallelMergeSort,1000,Aleatório,4,698375,648541,620917,717625,568208,650733,20,53755,88
ParallelQuickSort,1000,Aleatório,4,894792,812667,418834,567291,631334,664983,60,170814,55
ParallelBubbleSort,1000,Aleatório,4,29338750,25163417,30261083,30755791,22376083,27579024,80,3264588,09
ParallelSelectionSort,1000,Aleatório,4,726416,997333,634334,758583,718041,766941,40,122285,27
ParallelMergeSort,1000,Aleatório,8,458875,337625,296708,392542,605333,418216,60,108244,34
ParallelQuickSort,1000,Aleatório,8,906041,909916,1133042,1023583,1611209,1116758,20,261003,37
ParallelBubbleSort,1000,Aleatório,8,53749083,55293833,63299792,52286709,52923375,55510558,40,4022652,07
ParallelSelectionSort,1000,Aleatório,8,965791,996291,1671958,1683209,1409250,1345299,80,313308,76
BubbleSort,5000,Aleatório,1,44043000,51223166,49184458,52663250,51679708,49758716,40,3074746,28
SelectionSort,5000,Aleatório,1,22002584,20154417,20401292,25163250,19927209,21529750,40,1957497,90
QuickSort,5000,Aleatório,1,1422042,1490666,1317917,1310375,1316459,1371491,80,72652,52
MergeSort,5000,Aleatório,1,735958,790250,1387917,1399833,1675333,1197858,20,369971,51
ParallelMergeSort,5000,Aleatório,1,2188708,1100833,996459,924125,916666,1225358,20,486205,00
ParallelQuickSort,5000,Aleatório,1,1617292,2048875,3503708,3200667,1790416,2432191,60,769619,48
ParallelBubbleSort,5000,Aleatório,1,40818541,41607291,45771750,40567750,59098250,45572716,40,7019346,76
ParallelSelectionSort,5000,Aleatório,1,18489875,33185959,27370750,20940541,24203166,24838058,20,5137998,32
ParallelMergeSort,5000,Aleatório,2,1176708,847458,824500,993125,5690625,1906483,20,1896246,09
ParallelQuickSort,5000,Aleatório,2,2291709,4575375,3337458,2401875,3177708,3156825,00,820210,18
ParallelBubbleSort,5000,Aleatório,2,134797833,126755333,93076875,123641125,131441959,121942625,00,14931659,67
ParallelSelectionSort,5000,Aleatório,2,5081167,8206667,4297375,6823125,6292417,6140150,20,1362159,85
ParallelMergeSort,5000,Aleatório,4,1178833,977792,791333,725000,672167,869025,00,186195,37
ParallelQuickSort,5000,Aleatório,4,2189333,2256875,2225208,1337750,882583,1778349,80,564641,86
ParallelBubbleSort,5000,Aleatório,4,168642875,154793542,167434417,173354208,162015083,165248025,00,6352379,84
ParallelSelectionSort,5000,Aleatório,4,5049083,2259208,1652250,1690791,2486792,2627624,80,1252839,83
ParallelMergeSort,5000,Aleatório,8,780458,695500,1266750,1326958,1316250,1077183,20,278999,59
ParallelQuickSort,5000,Aleatório,8,1677167,1192333,3008208,825917,701500,1481025,00,835575,06
ParallelBubbleSort,5000,Aleatório,8,306572584,406492458,349464584,110602209,90812292,252788825,40,128309884,98
ParallelSelectionSort,5000,Aleatório,8,1334333,618750,598458,494750,942917,797841,60,307428,70
BubbleSort,10000,Aleatório,1,52249708,132447667,66965291,83789250,75141208,82118624,80,27225956,51
SelectionSort,10000,Aleatório,1,24166583,19873959,20893708,21179458,20768625,21376466,60,1461753,62
QuickSort,10000,Aleatório,1,592958,533458,527041,565250,543792,552499,80,24024,99
MergeSort,10000,Aleatório,1,885875,857916,798291,803250,765334,822133,20,43576,60
ParallelMergeSort,10000,Aleatório,1,1183750,973834,3489459,1192625,1069583,1581850,20,957188,88
ParallelQuickSort,10000,Aleatório,1,780125,926708,777167,951542,663084,819725,20,106524,02
ParallelBubbleSort,10000,Aleatório,1,51413542,49749167,49562709,49378333,51001375,50221025,20,824281,83
ParallelSelectionSort,10000,Aleatório,1,27620791,52839792,43455375,77510000,83799375,57045066,60,20989323,78
ParallelMergeSort,10000,Aleatório,2,3884459,2363042,12289666,3151666,2698416,4877449,80,3741009,07
ParallelQuickSort,10000,Aleatório,2,1206167,1083458,1425042,2225000,2595250,1706983,40,596062,19
ParallelBubbleSort,10000,Aleatório,2,333067334,198000458,183941334,79819584,77440042,174453750,40,93989377,75
ParallelSelectionSort,10000,Aleatório,2,5887209,5598417,5208333,5356750,5289083,5467958,40,246803,39
ParallelMergeSort,10000,Aleatório,4,631292,662333,533875,623083,654958,621108,20,45962,01
ParallelQuickSort,10000,Aleatório,4,447958,434791,454542,1043125,754792,627041,60,240097,02
ParallelBubbleSort,10000,Aleatório,4,114493375,178671292,184885791,120030458,115931375,142802458,20,31936197,13
ParallelSelectionSort,10000,Aleatório,4,1658167,1623375,1644500,2508500,1656292,1818166,80,345388,86
ParallelMergeSort,10000,Aleatório,8,723458,815417,613291,600958,789500,708524,80,88143,09
ParallelQuickSort,10000,Aleatório,8,550709,612292,1473667,511250,674125,764408,60,358913,60
ParallelBubbleSort,10000,Aleatório,8,202600459,199279708,206464125,199223708,201675500,201848700,00,2660360,53
ParallelSelectionSort,10000,Aleatório,8,1236625,1266375,1036709,1048375,1236208,1164858,40,100536,04
QuickSort,50000,Aleatório,1,3439292,3563083,4259834,3411541,3359792,3606708,40,333335,42
MergeSort,50000,Aleatório,1,4534042,4550042,7698166,4480833,5646125,5381841,60,1237552,07
ParallelMergeSort,50000,Aleatório,1,4591000,4276333,4588125,5054291,5148958,4731741,40,324326,55
ParallelQuickSort,50000,Aleatório,1,3464750,3283875,3311625,3436541,3188500,3337058,20,101731,87
ParallelMergeSort,50000,Aleatório,2,2586959,7192042,2567917,2286750,2363375,3399408,60,1899836,60
ParallelQuickSort,50000,Aleatório,2,1699125,1734084,2025541,1854666,1802875,1823258,20,114613,56
ParallelMergeSort,50000,Aleatório,4,1641583,2414792,1789041,1566291,1738625,1830066,40,302341,56
ParallelQuickSort,50000,Aleatório,4,1908875,1333208,1335333,1571458,1634500,1556674,80,214126,08
ParallelMergeSort,50000,Aleatório,8,1395292,1537333,1393875,1446375,2330083,1620591,60,358558,72
ParallelQuickSort,50000,Aleatório,8,1119292,1091625,1020709,1079958,1759583,1214233,40,274566,73
QuickSort,100000,Aleatório,1,6590333,6852500,6263791,6224084,7153292,6616800,00,352964,55
MergeSort,100000,Aleatório,1,8342750,8161542,8258709,8463625,8174125,8280150,20,112561,73
ParallelMergeSort,100000,Aleatório,1,8358916,9051667,8719750,8650709,8392917,8634791,80,251343,22
ParallelQuickSort,100000,Aleatório,1,6613042,6530416,6631042,6439041,6282417,6499191,60,128008,38
ParallelMergeSort,100000,Aleatório,2,4669167,4764666,5429833,4732042,4870667,4893275,00,276103,73
ParallelQuickSort,100000,Aleatório,2,3690542,3695958,3767542,3838292,3687500,3735966,80,59127,97
ParallelMergeSort,100000,Aleatório,4,4077417,3383000,4738334,3401542,3307708,3781600,20,553307,75
ParallelQuickSort,100000,Aleatório,4,2218375,2699791,2411959,2149375,2170000,2329900,00,206953,20
ParallelMergeSort,100000,Aleatório,8,2856583,2920875,3234792,4438209,2958333,3281758,40,592486,08
ParallelQuickSort,100000,Aleatório,8,2034250,1859333,1901375,2107125,2312583,2042933,20,161650,71
BubbleSort,1000,Ordenado,1,2375,541,500,500,500,883,20,746,07
SelectionSort,1000,Ordenado,1,207750,212834,205209,204791,197208,205558,40,5063,15
QuickSort,1000,Ordenado,1,14333,11666,9958,24375,12417,14549,80,5109,43
MergeSort,1000,Ordenado,1,26250,22208,21750,21709,21166,22616,60,1846,48
ParallelMergeSort,1000,Ordenado,1,210708,84583,83792,74333,69166,104516,40,53411,96
ParallelQuickSort,1000,Ordenado,1,72708,64250,69791,61083,53542,64274,80,6736,89
ParallelBubbleSort,1000,Ordenado,1,663917,626167,551416,630625,613917,617208,40,36827,78
ParallelSelectionSort,1000,Ordenado,1,257208,287416,256125,260500,277167,267683,20,12443,84
ParallelMergeSort,1000,Ordenado,2,72750,89000,83625,84791,81708,82374,80,5373,56
ParallelQuickSort,1000,Ordenado,2,56875,67625,75000,79250,76417,71033,40,8053,66
ParallelBubbleSort,1000,Ordenado,2,2231000,2383708,2376500,2588125,2579708,2431808,20,135650,91
ParallelSelectionSort,1000,Ordenado,2,205416,151625,169250,177166,176917,176074,80,17361,89
ParallelMergeSort,1000,Ordenado,4,85084,83084,80959,86792,77250,82633,80,3325,27
ParallelQuickSort,1000,Ordenado,4,60041,63500,60542,74458,92667,70241,60,12363,33
ParallelBubbleSort,1000,Ordenado,4,7011916,7261625,6837291,7906000,6616958,7126758,00,443234,27
ParallelSelectionSort,1000,Ordenado,4,197875,186250,239292,244083,219125,217325,00,22564,30
ParallelMergeSort,1000,Ordenado,8,136875,72833,81583,85333,78959,91116,60,23239,05
ParallelQuickSort,1000,Ordenado,8,63375,52166,51500,50417,79209,59333,40,10987,36
ParallelBubbleSort,1000,Ordenado,8,17770916,15115459,15602166,14858459,15715208,15812441,60,1028120,59
ParallelSelectionSort,1000,Ordenado,8,381834,1061917,338417,369500,395375,509408,60,276896,02
BubbleSort,5000,Ordenado,1,2459,1875,1834,1833,1834,1967,00,246,52
SelectionSort,5000,Ordenado,1,4768042,4751458,4886792,4832584,4709458,4789666,80,62667,67
QuickSort,5000,Ordenado,1,130583,90416,72208,79500,71583,88858,00,21939,11
MergeSort,5000,Ordenado,1,130833,128917,120625,120916,120166,124291,40,4605,29
ParallelMergeSort,5000,Ordenado,1,249166,216458,219833,201042,200042,217308,20,17802,96
ParallelQuickSort,5000,Ordenado,1,130958,128083,140875,136500,137000,134683,20,4570,48
ParallelBubbleSort,5000,Ordenado,1,13036208,11270375,13936375,13960209,11271375,12694908,40,1209500,15
ParallelSelectionSort,5000,Ordenado,1,4707625,4730083,4845250,4776833,4881292,4788216,60,66211,70
ParallelMergeSort,5000,Ordenado,2,264292,203125,186292,174166,215417,208658,40,31181,33
ParallelQuickSort,5000,Ordenado,2,172584,163208,189583,152583,191709,173933,40,15057,07
ParallelBubbleSort,5000,Ordenado,2,21129125,22085125,23545250,21437917,21720125,21983508,40,842184,60
ParallelSelectionSort,5000,Ordenado,2,1353500,1350125,1334708,1535500,1375167,1389800,00,73985,86
ParallelMergeSort,5000,Ordenado,4,243500,244500,232291,211791,258375,238091,40,15537,72
ParallelQuickSort,5000,Ordenado,4,251209,204708,197333,197666,218916,213966,40,20197,03
ParallelBubbleSort,5000,Ordenado,4,41562375,41062584,40896667,42011959,42206917,41548100,40,511761,57
ParallelSelectionSort,5000,Ordenado,4,767000,514166,534584,511875,514542,568433,40,99621,85
ParallelMergeSort,5000,Ordenado,8,361042,307000,274375,268959,280833,298441,80,33913,25
ParallelQuickSort,5000,Ordenado,8,225917,239792,226292,194792,183000,213958,60,21392,87
ParallelBubbleSort,5000,Ordenado,8,85004000,85096750,87175542,82992083,82012791,84456233,20,1801060,59
ParallelSelectionSort,5000,Ordenado,8,469292,486125,565708,499791,478250,499833,20,34426,75
BubbleSort,10000,Ordenado,1,4583,3583,3500,3500,3500,3733,20,426,11
SelectionSort,10000,Ordenado,1,18793542,18909125,19281292,19075583,20175625,19247033,40,492481,02
QuickSort,10000,Ordenado,1,175667,159583,157583,154042,151792,159733,40,8414,09
MergeSort,10000,Ordenado,1,266959,269292,260041,266208,280000,268500,00,6512,45
ParallelMergeSort,10000,Ordenado,1,426083,362125,339708,326000,329958,356774,80,36850,39
ParallelQuickSort,10000,Ordenado,1,216292,233875,238042,293791,232500,242900,00,26499,40
ParallelBubbleSort,10000,Ordenado,1,51154708,51367625,51562583,50917791,54103500,51821241,40,1161194,71
ParallelSelectionSort,10000,Ordenado,1,19402208,18883250,18723416,18715375,19201625,18985174,80,272934,29
ParallelMergeSort,10000,Ordenado,2,321500,257625,259583,236083,780417,371041,60,206660,47
ParallelQuickSort,10000,Ordenado,2,358375,284875,246541,199208,277000,273199,80,52136,45
ParallelBubbleSort,10000,Ordenado,2,65043583,66362125,67650625,65687708,65425167,66033841,60,915714,35
ParallelSelectionSort,10000,Ordenado,2,4976208,4999250,4858792,5021292,4842459,4939600,20,74213,42
ParallelMergeSort,10000,Ordenado,4,289958,223541,306166,262375,243792,265166,40,29976,40
ParallelQuickSort,10000,Ordenado,4,212167,202750,223291,234083,221667,218791,60,10616,57
ParallelBubbleSort,10000,Ordenado,4,104882542,105314792,102920000,111902000,103768541,105757575,00,3185083,55
ParallelSelectionSort,10000,Ordenado,4,1549417,1844792,1490541,2665375,2203583,1950741,60,437881,49
ParallelMergeSort,10000,Ordenado,8,401791,364125,428208,388542,422792,401091,60,23369,71
ParallelQuickSort,10000,Ordenado,8,288417,330750,372541,299709,290917,316466,80,31839,39
ParallelBubbleSort,10000,Ordenado,8,185960667,188283708,190629916,193729209,190523375,189825375,00,2595654,65
ParallelSelectionSort,10000,Ordenado,8,942875,921625,995583,942625,849625,930466,60,47234,48
QuickSort,50000,Ordenado,1,880584,849542,844667,890458,912167,875483,60,25371,43
MergeSort,50000,Ordenado,1,1438542,1425667,1419958,1575666,1469541,1465874,80,57514,61
ParallelMergeSort,50000,Ordenado,1,1642083,1579250,1611875,2127667,1786875,1749550,00,201926,36
ParallelQuickSort,50000,Ordenado,1,1226000,1125000,1213958,1213041,1063917,1168383,20,63539,54
ParallelMergeSort,50000,Ordenado,2,957417,936500,968333,992125,1065166,983908,20,44412,28
ParallelQuickSort,50000,Ordenado,2,826000,795709,664250,650417,664708,720216,80,74799,30
ParallelMergeSort,50000,Ordenado,4,672250,709666,819333,927208,1487959,923283,20,296084,37
ParallelQuickSort,50000,Ordenado,4,545208,554125,495500,548208,504959,529600,00,24336,52
ParallelMergeSort,50000,Ordenado,8,639000,817584,823375,974417,987667,848408,60,127043,16
ParallelQuickSort,50000,Ordenado,8,584291,760458,923417,643166,564625,695191,40,132966,00
QuickSort,100000,Ordenado,1,1770042,1800834,1832375,2071625,2087667,1912508,60,137976,69
MergeSort,100000,Ordenado,1,4393750,4074375,3973875,3819792,3272500,3906858,40,368675,36
ParallelMergeSort,100000,Ordenado,1,3365792,3372417,3491292,3275709,3745458,3450133,60,162780,73
ParallelQuickSort,100000,Ordenado,1,2354292,2735917,2697583,2344375,2271250,2480683,40,195246,89
ParallelMergeSort,100000,Ordenado,2,2185375,1835417,1846167,1961292,1849584,1935567,00,133027,27
ParallelQuickSort,100000,Ordenado,2,1293000,1302542,1571000,1428250,1515500,1422058,40,111259,61
ParallelMergeSort,100000,Ordenado,4,1118834,1768709,1375542,1325417,1578542,1433408,80,222467,06
ParallelQuickSort,100000,Ordenado,4,883166,851791,934917,1038166,1108084,963224,80,96154,67
ParallelMergeSort,100000,Ordenado,8,1182167,1341542,1699083,1239750,1274209,1347350,20,183282,64
ParallelQuickSort,100000,Ordenado,8,946542,794208,786500,828875,928625,856950,00,67604,73
BubbleSort,1000,Inverso,1,901792,923458,1458416,1007875,944541,1047216,40,208633,41
SelectionSort,1000,Inverso,1,248875,246542,244666,244750,244875,245941,60,1621,73
QuickSort,1000,Inverso,1,24833,16750,18375,20291,18000,19649,80,2829,58
MergeSort,1000,Inverso,1,26250,22500,23750,22334,21875,23341,80,1581,14
ParallelMergeSort,1000,Inverso,1,163041,109042,79000,79625,71834,100508,40,33776,02
ParallelQuickSort,1000,Inverso,1,61750,72917,74750,65833,55708,66191,60,7046,13
ParallelBubbleSort,1000,Inverso,1,540417,545167,512417,529958,513750,528341,80,13401,71
ParallelSelectionSort,1000,Inverso,1,308125,302167,326750,305000,292084,306825,20,11322,72
ParallelMergeSort,1000,Inverso,2,80292,76084,77500,80792,74708,77875,20,2354,95
ParallelQuickSort,1000,Inverso,2,59125,70958,73500,86500,72375,72491,60,8698,09
ParallelBubbleSort,1000,Inverso,2,2474375,2548792,3004584,2406083,2342333,2555233,40,234975,72
ParallelSelectionSort,1000,Inverso,2,200833,202708,179125,194333,190417,193483,20,8430,87
ParallelMergeSort,1000,Inverso,4,85042,61958,70208,109292,89666,83233,20,16407,34
ParallelQuickSort,1000,Inverso,4,63333,83667,76541,63375,67708,70924,80,7986,09
ParallelBubbleSort,1000,Inverso,4,6504834,7283708,6288834,7450500,6564667,6818508,60,460262,12
ParallelSelectionSort,1000,Inverso,4,203000,232959,264250,170334,213709,216850,40,31214,38
ParallelMergeSort,1000,Inverso,8,84792,70791,74833,82708,127625,88149,80,20385,51
ParallelQuickSort,1000,Inverso,8,63042,74292,83333,66208,79792,73333,40,7737,04
ParallelBubbleSort,1000,Inverso,8,14268125,16018166,14507958,15097500,14469750,14872299,80,636167,11
ParallelSelectionSort,1000,Inverso,8,809750,365167,337167,343292,336208,438316,80,186011,14
BubbleSort,5000,Inverso,1,23160584,23807708,22339000,22709583,22614416,22926258,20,513989,93
SelectionSort,5000,Inverso,1,6179792,5853750,6158584,6028500,6025875,6049300,20,116783,84
QuickSort,5000,Inverso,1,111000,115625,104167,101667,101208,106733,40,5657,73
MergeSort,5000,Inverso,1,142750,126667,128542,126417,126875,130250,20,6294,25
ParallelMergeSort,5000,Inverso,1,284666,203791,164083,176417,183959,202583,20,43018,23
ParallelQuickSort,5000,Inverso,1,552875,288125,181333,165250,270125,291541,60,139184,05
ParallelBubbleSort,5000,Inverso,1,12007834,12031791,12039917,12261500,12018417,12071891,80,95440,75
ParallelSelectionSort,5000,Inverso,1,6270500,5975084,5939291,6060833,6025042,6054150,00,115882,08
ParallelMergeSort,5000,Inverso,2,182875,222667,216583,198083,220750,208191,60,15367,37
ParallelQuickSort,5000,Inverso,2,209708,214875,233000,279709,222666,231991,60,25117,61
ParallelBubbleSort,5000,Inverso,2,23108041,22253625,23165417,23258875,22729875,22903166,60,371271,20
ParallelSelectionSort,5000,Inverso,2,1713709,1631375,1728500,1643500,1647083,1672833,40,40029,78
ParallelMergeSort,5000,Inverso,4,213250,240083,208500,214875,223125,219966,60,11110,04
ParallelQuickSort,5000,Inverso,4,232500,360458,247625,244958,326250,282358,20,51219,29
ParallelBubbleSort,5000,Inverso,4,41863542,42877667,41786125,42064834,43854875,42489408,60,785088,97
ParallelSelectionSort,5000,Inverso,4,664750,1274625,642958,589292,592666,752858,20,262487,01
ParallelMergeSort,5000,Inverso,8,193667,208500,226375,197417,203917,205975,20,11414,88
ParallelQuickSort,5000,Inverso,8,221250,274500,353125,230666,234542,262816,60,48688,82
ParallelBubbleSort,5000,Inverso,8,83278625,80647666,83616542,78851042,81185625,81515900,00,1759788,41
ParallelSelectionSort,5000,Inverso,8,564667,516750,478584,493000,400875,490775,20,53610,28
BubbleSort,10000,Inverso,1,91371834,93473625,93821167,98779625,95786875,94646625,20,2496534,60
SelectionSort,10000,Inverso,1,23977083,24025334,24775917,24228750,23822625,24165941,80,331457,16
QuickSort,10000,Inverso,1,224416,209667,212000,221959,215208,216650,00,5673,81
MergeSort,10000,Inverso,1,268583,258958,260500,258417,260708,261433,20,3680,77
ParallelMergeSort,10000,Inverso,1,434500,320833,313333,300125,325792,338916,60,48569,06
ParallelQuickSort,10000,Inverso,1,321500,294750,295125,287208,287417,297200,00,12620,18
ParallelBubbleSort,10000,Inverso,1,48712542,48245209,48584875,49334625,50662167,49107883,60,853375,53
ParallelSelectionSort,10000,Inverso,1,24157500,27096833,133665958,34470458,30499167,49977983,20,41985304,89
ParallelMergeSort,10000,Inverso,2,397750,310459,343958,330417,303791,337275,00,33434,10
ParallelQuickSort,10000,Inverso,2,268750,336000,293959,245292,237459,276292,00,35785,62
ParallelBubbleSort,10000,Inverso,2,197818042,244899792,232770333,222129792,201605875,219844766,80,17988216,53
ParallelSelectionSort,10000,Inverso,2,23479708,19750708,24545833,24283916,26048459,23621724,80,2106487,69
ParallelMergeSort,10000,Inverso,4,1526667,1562916,865583,882791,2732542,1514099,80,679156,42
ParallelQuickSort,10000,Inverso,4,1136500,1790542,1648083,1059416,1045000,1335908,20,317799,98
ParallelBubbleSort,10000,Inverso,4,367911583,393529458,431806792,439589583,371057791,400779041,40,29950487,32
ParallelSelectionSort,10000,Inverso,4,8251625,12948209,5927250,7743666,7558083,8485766,60,2363282,96
ParallelMergeSort,10000,Inverso,8,1019834,1970584,2234625,985458,831625,1408425,20,576408,10
ParallelQuickSort,10000,Inverso,8,677042,821042,1298042,6705083,2118708,2323983,40,2247664,40
ParallelBubbleSort,10000,Inverso,8,847197042,812460917,771515000,727964750,700823250,771992191,80,53473636,18
ParallelSelectionSort,10000,Inverso,8,4404458,5952917,3734417,6165500,5713959,5194250,20,953297,79
QuickSort,50000,Inverso,1,3093041,3006584,5411542,4743125,3323417,3915541,80,977367,30
MergeSort,50000,Inverso,1,8134208,7022583,16697125,5440917,8644125,9187791,60,3912106,78
ParallelMergeSort,50000,Inverso,1,8676333,7530792,16262500,5743375,17796583,11201916,60,4873408,13
ParallelQuickSort,50000,Inverso,1,7356000,4165542,3618917,11578583,16980875,8739983,40,5000723,69
ParallelMergeSort,50000,Inverso,2,4768250,3691083,10292333,3342792,7038500,5826591,60,2579198,04
ParallelQuickSort,50000,Inverso,2,2687625,1910334,4545500,4294042,3739917,3435483,60,994717,29
ParallelMergeSort,50000,Inverso,4,1918542,2023500,2229250,3118292,5155958,2889108,40,1209778,69
ParallelQuickSort,50000,Inverso,4,1528125,1248250,1388458,1301083,1370500,1367283,20,94741,94
ParallelMergeSort,50000,Inverso,8,1653083,1855542,6382250,2568625,2078250,2907550,00,1763890,98
ParallelQuickSort,50000,Inverso,8,1873166,1880917,3146875,3576166,2756833,2646791,40,679851,42
QuickSort,100000,Inverso,1,10589167,10436167,21862417,11885750,15536833,14062066,80,4311958,62
MergeSort,100000,Inverso,1,18718709,30490709,17287916,10249000,10687125,17486691,80,7338666,54
ParallelMergeSort,100000,Inverso,1,10083500,27779208,18037959,14539458,10014959,16091016,80,6569938,64
ParallelQuickSort,100000,Inverso,1,10163458,7019834,9391917,11944750,6859666,9075925,00,1931426,93
ParallelMergeSort,100000,Inverso,2,6719334,5877334,5978000,9343625,9381042,7459867,00,1580391,55
ParallelQuickSort,100000,Inverso,2,15182083,4888625,3912500,4148625,4089958,6444358,20,4381598,74
ParallelMergeSort,100000,Inverso,4,8104708,3272792,6171333,4895084,7608291,6010441,60,1772213,78
ParallelQuickSort,100000,Inverso,4,6242542,3101458,2724833,3381084,2936083,3677200,00,1300492,25
ParallelMergeSort,100000,Inverso,8,6436125,3547625,3612334,7324500,3600792,4904275,20,1637848,11
ParallelQuickSort,100000,Inverso,8,9121833,6442125,3266042,3761250,7579584,6034166,80,2232357,16
BubbleSort,1000,Quase Ordenado,1,419541,395625,393375,391750,397792,399616,60,10169,41
SelectionSort,1000,Quase Ordenado,1,570917,562958,623916,724000,610750,618508,20,57565,10
QuickSort,1000,Quase Ordenado,1,100125,42750,37625,35500,34833,50166,60,25133,12
MergeSort,1000,Quase Ordenado,1,91667,111333,79208,67417,66375,83200,00,16800,45
ParallelMergeSort,1000,Quase Ordenado,1,333750,325083,409959,354959,354041,355558,40,29551,46
ParallelQuickSort,1000,Quase Ordenado,1,448291,313833,385666,406916,2874375,885816,20,995234,12
ParallelBubbleSort,1000,Quase Ordenado,1,1953625,1626458,1648042,1694333,1576584,1699808,40,132436,51
ParallelSelectionSort,1000,Quase Ordenado,1,1539208,1925208,3376125,1812334,839584,1898491,80,829687,58
ParallelMergeSort,1000,Quase Ordenado,2,369292,296250,201042,184333,215917,253366,80,69546,62
ParallelQuickSort,1000,Quase Ordenado,2,196875,173042,175125,166542,170334,176383,60,10640,51
ParallelBubbleSort,1000,Quase Ordenado,2,10566667,9237417,10145375,65385042,8972917,20861483,60,22269362,03
ParallelSelectionSort,1000,Quase Ordenado,2,443250,489833,831792,3052083,2292667,1421925,00,1057399,07
ParallelMergeSort,1000,Quase Ordenado,4,434708,377208,363875,201041,195667,314499,80,97789,95
ParallelQuickSort,1000,Quase Ordenado,4,218750,176542,165666,191542,161000,182700,00,20865,05
ParallelBubbleSort,1000,Quase Ordenado,4,23317875,25455125,24542459,20998042,25464375,23955575,20,1674707,33
ParallelSelectionSort,1000,Quase Ordenado,4,771791,575542,421333,421333,521709,542341,60,129198,42
ParallelMergeSort,1000,Quase Ordenado,8,258250,189041,183708,179083,239583,209933,00,32525,69
ParallelQuickSort,1000,Quase Ordenado,8,224625,172375,169792,148625,149000,172883,40,27734,08
ParallelBubbleSort,1000,Quase Ordenado,8,72128958,93808916,50455500,56099875,55783291,65655308,00,15838756,08
ParallelSelectionSort,1000,Quase Ordenado,8,654875,1401375,1365417,1223458,1013875,1131800,00,274595,17
BubbleSort,5000,Quase Ordenado,1,13897792,15356834,20844750,13196667,13661292,15391467,00,2820681,21
SelectionSort,5000,Quase Ordenado,1,20128750,25499542,18099208,19090875,19415875,20446850,00,2609363,32
QuickSort,5000,Quase Ordenado,1,770375,1460333,1771375,429834,340166,954416,60,567403,64
MergeSort,5000,Quase Ordenado,1,599667,570375,517291,525250,489625,540441,60,39376,94
ParallelMergeSort,5000,Quase Ordenado,1,845417,637333,644375,619750,672959,683966,80,82526,79
ParallelQuickSort,5000,Quase Ordenado,1,434083,416000,404792,426583,444792,425250,00,13898,06
ParallelBubbleSort,5000,Quase Ordenado,1,45778708,47987916,46563291,42163917,46721958,45843158,00,1971387,13
ParallelSelectionSort,5000,Quase Ordenado,1,30770959,17830041,16153125,28246417,14946750,21589458,40,6579172,68
ParallelMergeSort,5000,Quase Ordenado,2,757166,621666,626833,545166,624541,635074,40,68335,26
ParallelQuickSort,5000,Quase Ordenado,2,429458,366292,428750,346416,351708,384524,80,36977,07
ParallelBubbleSort,5000,Quase Ordenado,2,79564083,79984083,95551083,81476708,109705584,89256308,20,11817213,20
ParallelSelectionSort,5000,Quase Ordenado,2,6992541,8203958,5689625,6759375,7000709,6929241,60,799940,03
ParallelMergeSort,5000,Quase Ordenado,4,655417,535625,519958,489292,528625,545783,40,57053,24
ParallelQuickSort,5000,Quase Ordenado,4,580750,420375,383125,380834,388083,430633,40,76403,92
ParallelBubbleSort,5000,Quase Ordenado,4,163762167,172347500,187489625,159271208,361433875,208860875,00,76891489,45
ParallelSelectionSort,5000,Quase Ordenado,4,912541,938875,1644041,1037333,1056292,1117816,40,268824,54
ParallelMergeSort,5000,Quase Ordenado,8,551208,544000,466792,566375,283708,482416,60,105169,41
ParallelQuickSort,5000,Quase Ordenado,8,281708,373375,270959,461417,440875,365666,80,78616,08
ParallelBubbleSort,5000,Quase Ordenado,8,128545959,85155708,85192417,191430291,108477250,119760325,00,39328104,34
ParallelSelectionSort,5000,Quase Ordenado,8,577792,681875,1625333,875667,825875,917308,40,369348,93
BubbleSort,10000,Quase Ordenado,1,23155583,22575708,23494000,23706042,22583375,23102941,60,462028,70
SelectionSort,10000,Quase Ordenado,1,19775875,18670750,19263625,18489250,19414958,19122891,60,476954,86
QuickSort,10000,Quase Ordenado,1,303417,275125,248208,241125,235875,260750,00,25252,02
MergeSort,10000,Quase Ordenado,1,520000,498500,503041,472459,485916,495983,20,16047,99
ParallelMergeSort,10000,Quase Ordenado,1,750833,645667,569375,3678041,970167,1322816,60,1185311,33
ParallelQuickSort,10000,Quase Ordenado,1,448459,417041,367542,383875,340000,391383,40,37897,17
ParallelBubbleSort,10000,Quase Ordenado,1,61200625,61435041,60882834,60607250,62462333,61317616,60,637417,88
ParallelSelectionSort,10000,Quase Ordenado,1,19610250,20018250,20620458,19749625,20557834,20111283,40,412105,01
ParallelMergeSort,10000,Quase Ordenado,2,457959,413042,425125,423750,401666,424308,40,18830,57
ParallelQuickSort,10000,Quase Ordenado,2,296500,263167,277958,321417,311708,294150,00,21351,45
ParallelBubbleSort,10000,Quase Ordenado,2,82196625,85746709,98624459,197443917,123741500,117550642,00,42522603,84
ParallelSelectionSort,10000,Quase Ordenado,2,5541333,5259750,6470708,5306541,6506709,5817008,20,556798,15
ParallelMergeSort,10000,Quase Ordenado,4,2524958,1377208,589750,476208,513708,1096366,40,787463,45
ParallelQuickSort,10000,Quase Ordenado,4,292208,362167,403458,617500,1108875,556841,60,296606,13
ParallelBubbleSort,10000,Quase Ordenado,4,141811334,146767250,123519833,123976167,122532708,131721458,40,10391061,22
ParallelSelectionSort,10000,Quase Ordenado,4,1731166,1681125,1784708,1782083,1564042,1708624,80,81674,10
ParallelMergeSort,10000,Quase Ordenado,8,494667,550750,512583,582042,551000,538208,40,30967,13
ParallelQuickSort,10000,Quase Ordenado,8,306916,357625,411000,553708,1049792,535808,20,269895,43
ParallelBubbleSort,10000,Quase Ordenado,8,466096042,768337166,732509708,743769416,690596208,680261708,00,109994639,11
ParallelSelectionSort,10000,Quase Ordenado,8,4288917,6480375,5431625,4477958,3344083,4804591,60,1068374,10
QuickSort,50000,Quase Ordenado,1,3379125,3576750,4415875,3444208,5851209,4133433,40,936422,50
MergeSort,50000,Quase Ordenado,1,16071958,8162500,12328667,5974166,8306709,10168800,00,3594436,72
ParallelMergeSort,50000,Quase Ordenado,1,12852250,7404792,8407041,9381416,8990000,9407099,80,1846783,47
ParallelQuickSort,50000,Quase Ordenado,1,8278541,4174958,4328417,5411542,3958750,5230441,60,1604281,82
ParallelMergeSort,50000,Quase Ordenado,2,4710250,6276500,3582459,4807583,7690167,5413391,80,1424246,38
ParallelQuickSort,50000,Quase Ordenado,2,2294917,5472917,2524083,2846875,3503083,3328375,00,1146851,92
ParallelMergeSort,50000,Quase Ordenado,4,2899500,3274584,4538792,3808833,2843583,3473058,40,634528,69
ParallelQuickSort,50000,Quase Ordenado,4,2000333,4650834,1599291,3412458,2560875,2844758,20,1088946,74
ParallelMergeSort,50000,Quase Ordenado,8,2829500,4601208,9731083,2631875,5608041,5080341,40,2576769,60
ParallelQuickSort,50000,Quase Ordenado,8,6931500,2459541,2129042,4697875,16097875,6463166,60,5118141,27
QuickSort,100000,Quase Ordenado,1,10030875,8144792,10609708,7315125,7612125,8742525,00,1328064,59
MergeSort,100000,Quase Ordenado,1,15558708,13969208,13283917,10996834,13405167,13442766,80,1467213,81
ParallelMergeSort,100000,Quase Ordenado,1,17392083,16384125,13765375,14753375,11298583,14718708,20,2122632,72
ParallelQuickSort,100000,Quase Ordenado,1,10426542,13765708,8880833,14214708,13275791,12112716,40,2087666,01
ParallelMergeSort,100000,Quase Ordenado,2,8106625,8291292,11112542,9062292,5907750,8496100,20,1676874,17
ParallelQuickSort,100000,Quase Ordenado,2,4957708,7629459,4770959,5550417,7575875,6096883,60,1256234,51
ParallelMergeSort,100000,Quase Ordenado,4,4664042,5289666,9797083,8880000,9763959,7678950,00,2239402,57
ParallelQuickSort,100000,Quase Ordenado,4,6000125,5880791,7163750,3802541,5849584,5739358,20,1084463,48
ParallelMergeSort,100000,Quase Ordenado,8,5283917,9593875,6316792,6759125,5754583,6741658,40,1510978,75
ParallelQuickSort,100000,Quase Ordenado,8,5897500,3185958,5058792,4592542,4009958,4548950,00,919639,69
